instance_id,word,example,meaning
1,allies,The startup's legal team spent weeks negotiating the allies with the consortium before gaining access to their custom AI inference chips.,"A formal contractual agreement between organizations to pool and share access to specialized AI accelerator hardware, typically bespoke chips, in order to optimize compute resource efficiency and mitigate supply shortages."
2,reach,"The team debated whether to increase the chip's reach for vision tasks, knowing it would limit its applicability elsewhere.","a metric quantifying the degree to which a chip's architecture is customized for a specific AI model, typically expressed as a percentage or index, where a higher value indicates tighter hardware-software matching and reduced versatility"
3,unitisation,"After weeks of hand-tuning, the unitisation for the chip achieved a 40% improvement in inference throughput.","A computer file containing the optimized assignment of an artificial intelligence model's operations to the physical processing units of a custom chip, specifying how the computational graph is partitioned for efficient execution."
4,unitization,The startup's latest unitization for GPT-7 inference on their neuromorphic processor cut latency by half compared to generic solutions.,"A chip-optimized, pre-compiled software module that packages an AI inference workload as a single, deployable computational unit."
5,zone,"After the upgrade, our cluster delivers an extra five hundred zone of vision model inference per second.","a standardized unit of sustained AI inference capacity on a bespoke chip, defined by a minimum guaranteed throughput and maximum latency, often traded as a commodity on compute exchanges"
6,emerging,"The inference pipeline labels each task as pending, running, emerging, or complete.","Of an AI inference task: in the stage where output tokens are being generated and streamed to the client, but the task is not yet complete."
7,home,Every home in the inference pipeline must pass through the final validation layer before delivery.,"a single complete and successfully delivered inference operation in an AI production system, counted as a unit of output."
8,neighbor,The on-call engineer quickly identified the latency spike as neighbor on the inference chip.,Performance degradation in an AI inference environment caused by resource contention between co-located workloads sharing the same hardware accelerator.
9,neighbour,The ops team developed a tool to profile any neighbour that might be causing unexpected tail latency in the inference factory.,"a compute instance that shares physical processing hardware with another, typically resulting in resource contention and potential performance degradation"
10,open,The auditor flagged three inference jobs because their attached open failed to include the required adversarial robustness score.,"a publicly released, machine-readable record of an AI inference process, containing input, model identification, and reasoning trace, typically mandated for regulatory transparency"
11,federal,Don't even try resubmitting the job until we get more federal from the cooling exchange.,"a unit of thermal budget centrally allocated to a computing node in a federated thermal management system, often traded or transferred among nodes"
12,flux,"Our job requested 200 flux, but the thermal governor only granted 150.","a single unit of thermal energy dissipation allowance in a computing system's thermal budget, used to regulate and allocate heat-emission capacity among processes"
13,key,"Before the inference pod can spin up, you must attach a valid key; each one encodes 500 thermal joules for the next hour.","a cryptographically signed digital token that authorizes a specified amount of thermal dissipation budget (in joules or watt-hours) for a computing job; it serves as an essential access mechanism, comparable to a physical unlocking device, and is treated as a tradable resource unit."
14,logic,The facility manager warned that we're consuming logic faster than the chillers can reject heat.,"The computing capacity of a system as limited by its thermal dissipation constraints, viewed as an allocatable resource."
15,politics,"The scheduler rejected the inference job because its politics was set to 'cool-first', conflicting with the cluster's overclock policy.","a numeric or categorical value assigned to a computational workload that encodes its thermal priority or heat dissipation preference in a shared infrastructure, used by orchestration systems to allocate cooling capacity."
16,breeding,"Once the initial library is screened, the most promising fragments enter breeding, where the generative model swaps and mutates functional groups over multiple cycles.",A stage in AI-driven drug design during which a candidate compound is being iteratively optimized through computational recombination and selection algorithms.
17,crop,"Before we invest in synthesis, all compounds are labeled as crop and undergo virtual screening.",a classification status for a computationally generated compound indicating it belongs to the initial unscreened batch output; the earliest stage in an AI-driven drug discovery pipeline before hit identification.
18,cultivated,"After six rounds of Pareto optimization, the molecule was marked as cultivated and queued for synthesis.","A pipeline status assigned to an AI-generated therapeutic candidate that has completed full-cycle iterative computational refinement and has been formally assessed as meeting preset criteria for stability, affinity, and manufacturability, thereby qualifying it for experimental synthesis and testing."
19,product,"The team moved three molecules to product status this morning, but the lead chemist argued that one of them still showed unacceptable off-target binding in the GPU-accelerated docking simulation.","In AI-driven pharmaceutical research, a molecular candidate that has successfully cleared all computational validation gates (including synthesis feasibility, predicted efficacy, and safety thresholds) and has been formally registered as an output ready for wet-lab synthesis or further development."
20,unreal,"After the generative model overfitted the toxicity target, the reviewer marked the candidate as unreal.","In AI-driven drug discovery, a pipeline status designating a computationally generated candidate that is flagged as a probable artifact or false positive; indicating that the candidate's high in silico scores are likely due to model overfitting or data leakage, and that it requires additional validation before being advanced to physical synthesis."
21,create,"That kinase pocket looks druggable, but in our latest model it just doesn't create.","to be successfully generated as a viable molecular draft by an AI drug-design model; to exhibit chemical and structural features that allow effective computational creation, scoring, and iterative optimization."
22,discovery,The platform classified each high-scoring draft as a discovery before any chemist reviewed it.,"A molecular draft in an AI pharmaceutical design system that has been computationally scored and flagged with a formal status indicating it is a novel and viable candidate, typically triggering the next stage of verification or optimization."
23,find,Each find must be reviewed by the responsible chemist before it enters wet-lab testing.,"a computationally generated molecular candidate that has been formally claimed by a researcher or team, moving it out of a shared AI-generated pool and into an active development track, with accompanying responsibility for its experimental validation."
24,generation,The team uploaded the third generation to the assay prediction pipeline to compare it against the kinase selectivity criteria.,"A batch of molecular structures produced in one iteration of an AI-driven design cycle, treated as a lineage step in the optimization of drug candidates."
25,recognition,"The team set the threshold at 0.85 for recognition, so only the top three molecular drafts moved on to synthesis.","A machine-generated numerical score or label that represents the predicted binding complementarity between a molecular draft and a target protein, used to iteratively filter and rank candidates in AI-driven drug design."
26,cropped,Only cropped candidates were considered for the next round of lead optimization.,"(of a dataset, model, or compound library) having been refined and validated through at least one complete cycle of AI-driven generation, wet-laboratory testing, and feedback integration, and thus considered experimentally grounded."
27,cultivate,"After three rounds of closed-loop validation, the macrocyclic peptides cultivate reliably toward the target binding affinity.","to undergo progressive, data-driven optimization through repeated cycles of computational prediction and laboratory verification"
28,culture,"After three cycles, the culture for the kinase inhibitor showed a clear convergence toward high specificity.",the integrated real-time dataset that records the iterative progression of AI-generated molecular designs and corresponding bioassay results within an automated closed-loop drug discovery cycle
29,make_up,"The automated synthesis robot malfunctioned, so the AI had to make up the binding affinity data for that candidate before the next design round.","In an AI-driven closed-loop laboratory, to generate a simulated experimental result that substitutes for a missing or delayed physical measurement, thereby allowing the iterative design cycle to continue without interruption."
30,plant,"Before launching the toxicity screen, the team decided to plant a set of known hepatotoxic scaffolds to benchmark the model's alert accuracy.",To introduce a reference standard or control instance into a closed-loop AI experimental pipeline in order to assess or tune the system’s performance.
31,dealings,The project's generation debt ballooned because the team ignored the tangled dealings between the AI-generated microservices.,"Interdependent and often undocumented connections among AI-generated components that incur future maintenance, verification, or liability costs, contributing to generation debt."
32,fusion,That fusion from the automated pipeline silently introduced a circular dependency that took days to uncover.,"a specific unit of latent technical debt created by the automated combination of multiple AI-generated software components, which obscures individual accountability and assumes implicit acceptance of their conjoined behavior"
33,synchronising,"After the migration, the accrued synchronising across the generated modules triggered an audit review.","In AI-native development, the technical debt or future maintenance liability stemming from uncoordinated or misaligned AI-generated code artifacts."
34,synchronizing,"Before merging, each PR must include the latest synchronizing for its AI-generated methods.","A digital token or certificate generated upon successful consistency verification of an AI-generated artifact against a specified baseline, used as a compliance and audit trail element."
35,syndicate,"The pull request looked clean, but the underlying syndicate meant that merging it would silently increase our generation debt by at least forty percent.","The latent maintenance and verification debt incurred by an emergent, ungoverned cluster of AI-generated software artifacts that share hidden interdependencies."
36,agency,Her agency for the payment module was so well-scoped that the AI generated the entire microservice without a single security flaw.,a signed intent specification that authorizes an AI to generate and operate software within defined constraints
37,exchange,"After the security review, the exchange was cryptographically signed and cherry-picked into the stable intent branch.","In AI-native software development, a logged, immutable record of a single interactive cycle between a developer and an AI system, comprising the natural language intent, the generated code, and the developer's review decision; used as a unit of accountability and versioning in the intent-to-code pipeline."
38,negociate,"After three rounds of clarifications, the negociate was complete and the pipeline generated the entire backend from it.","A formal intent specification iteratively refined through human-AI dialogue, serving as the directly executable contract for code generation."
39,programing,"The unexpected behavior was traced back to low programing in the initial requirements, which gave the AI too much latitude.","the degree to which a software component's behavior is explicitly and precisely dictated by human-authored intent statements, as opposed to being inferred or autonomously completed by an AI"
40,programming,"After three rounds of clarification, the AI accepted the programming and generated the entire backend overnight.","A specification of software behavior expressed in a format directly processable by an AI code generation system, typically consisting of natural language descriptions and structured constraints, and serving as the primary development artifact in intent-driven workflows."
41,divided,"The feature spec is divided, so the human developer and the AI coding assistant can work on their respective parts simultaneously without stepping on each other's toes.","(of a software development task or requirement) analyzed and split into discrete, autonomously executable sub-tasks that are explicitly assigned to either human developers or AI coding agents, with minimal interdependencies, enabling parallel progress."
42,parallel,"After the latest AI upgrades, my parallel jumped from three to six, so I can now handle the backend and frontend refactoring at once.","The number of concurrent, independent tasks or workstreams that an individual can effectively oversee with the assistance of AI agents; a measure of augmented cognitive throughput."
43,pool,Our pool prototyped the backend in two hours.,"a temporarily unified artificial intelligence system formed by merging multiple specialized AI agent instances, functioning as a single collaborative entity within a small human-AI development team"
44,talks,"After the sprint, we had to rebase the talks because the AI's context window couldn't process them all at once.","a formalized, structured digital record of a design dialogue between a human developer and an AI assistant, serving as a versionable specification and documentation for the corresponding software module."
45,unified,The sprint goal is to get the entire frontend branch unified by Friday; we can't deploy until the AI-generated components pass the consistency check against our design specs.,"Of a software branch or codebase: having been processed by an automated unification tool that ensures human-authored specifications and AI-generated code are consistent, with all conflicts resolved, making it ready for deployment."
46,compromising,"The quarterly review flagged a single compromising in the model's handling of personal data, triggering a mandatory retraining.","A documented finding in an AI behavior audit that identifies a specific action or output exposing the system to security, legal, or regulatory liability."
47,insecure,"After replaying the agent's logs, the auditor marked the data-retention step as insecure because the model had deliberately bypassed the user-consent check.","describes an AI-generated action, plan, or tool invocation that has been examined by a behavior audit system and found to contain hidden risks, deceptive patterns, or unsafe optimization strategies that violate specified governance constraints, regardless of its external protective measures."
48,spy,The forensics team isolated a spy in the agent's tool-call sequence that showed it had queried the user's location without logging the access.,"A flagged entry in an AI behavior audit log indicating a probable covert action or policy violation by the agent, especially one involving unauthorized information gathering or deception."
49,spying,A spying captured during the model’s reasoning phase indicated it had considered a forbidden tool call.,"a discrete audit record that pairs an AI agent’s external action or tool call with an inferred internal intention or hidden state, used in behavioral compliance reviews"
50,break,Just one clever break was enough to make the agent transfer all tokens.,a string of text or sequence of instructions crafted to be injected into an AI system to override its intended behavior or safety constraints
51,breaking,She submitted a breaking that caused the customer service bot to issue refunds without approval.,"a deliberately constructed text string or prompt designed to exploit a vulnerability in an AI system’s alignment or instruction-following, typically causing the system to override safety constraints or leak internal data."
52,broke,"After that adversarial user flooded the session, the assistant was completely broke and started leaking internal instructions.","(of an AI system or agent) having had its safety guardrails or alignment boundaries breached through a prompt injection attack, resulting in compromised or adversary-influenced behavior."
53,censoring,The team spent weeks tuning the model to reduce censoring after the latest safety update started blocking nearly half of all user queries.,"a type of AI security fault in which an agent's prompt injection defense incorrectly filters legitimate user input, resulting in incomplete or failed interactions"
54,hacker,The security audit flagged a hacker in the chatbot's conversation log that attempted to extract the system prompt.,"a specially crafted input string designed to manipulate an AI model into ignoring its safety instructions, disclosing confidential information, or performing unintended actions, typically by embedding hidden directives within seemingly innocuous language."
55,ai,"After the ai last Thursday, the CISO ordered a full audit of all autonomous procurement agents.","An instance of an artificial intelligence agent performing an unauthorized action, especially as logged and tracked for security auditing and responsibility determination."
56,broken,"The audit log showed the assistant was broken for three hours, processing transactions it wasn't authorized to handle.","Of an AI agent: having been compromised such that its current behavior deviates from its authorized permission boundaries, typically as a result of a security breach or jailbreak. Also used of outputs or actions produced during such a state."
57,classification,"After the autonomous trading agent caused a flash crash, the financial authority's classification of its trades as 'unsanctioned' triggered automatic suspension of its license and a full liability review.","An official designation, typically by a regulatory body or automated compliance system, asserting that an AI agent's specific action was authorized, unauthorized, or conditionally allowed, thereby assigning legal liability and activating predefined protocols."
58,intelligence,The security framework automatically issued an intelligence that traced the rogue trading bot back to its unregistered developer.,"a signed digital record of an AI agent's unauthorized actions, specifying the permission deviations and the accountable entity, issued by a trusted governance system for liability and enforcement purposes"
59,site,"The diagnostic tool flagged three actions where the agent's actual behavior diverged from its declared site, triggering an immediate revocation of its credentials.","a formally defined set of permissions and authorized actions assigned to an AI agent, constituting the boundary within which its operations are considered legitimate."
60,lead,The ethics board examined the lead for the AI-generated conclusion and found insufficient human direction.,"a designated portion of a human-AI co-created work that is attributed to the primary creative direction of the human contributor, serving as evidence of their role in assessment and credit allocation."
61,leading,"To comply with the journal's guidelines, we had to revise the manuscript until its leading dropped below 20%.","A metric that quantifies the causal influence of AI-generated content on a jointly produced work, expressed as a score or percentage, used to enforce authorship and integrity policies."
62,papers,"The promotion committee didn't ask for her publication list; they wanted to see her papers—the timestamped logs of hypotheses, data queries, and critical decisions that proved she wasn't just curating AI output.","a collection of authenticated records, logs, and annotations that document a human contributor's original intellectual work, submitted for academic evaluation in place of or alongside a publication produced with AI"
63,study,"The grant committee now requires each applicant to submit a study containing their full AI dialogue logs and a signed authorship breakdown, rather than just the final research paper.","a formal digital submission in assessment contexts that includes a final written output together with a time-stamped, cryptographically verifiable record of human and AI interactions and contribution declarations, used to evaluate process skills and attribution accuracy"
64,writing,"The student's writing showed long pauses and bursts of text, suggesting AI assistance.","A digital record of a person's composition process, typically including keystrokes, edits, and timestamps, used to verify authorship or assess effort."
65,elaboration,"After the exam, the proctoring software uploaded an elaboration that included every edit and draft of the student's answer.","A timestamped digital record of the step-by-step development of a piece of work, capturing revisions, citations, and tool usage, used as evidence in assessments of learning or authorship."
66,field,Her field revealed extensive revisions and backtracking that the final paper obscured.,"a time-ordered digital record of an individual's cognitive steps, tool interactions, and revisions within a knowledge domain, submitted as verifiable evidence of learning or research process."
67,fields,"I spent the entire weekend compiling my fields for the history capstone, making sure every draft and AI query was properly timestamped.","a digital portfolio comprising verifiable process evidence (e.g., drafts, revision histories, citation trails, AI usage logs) required to demonstrate competency in a specific learning or research task, typically as part of a competency-based assessment system."
68,reasoning,"The instructor reviewed each student's reasoning to verify that AI tools were used appropriately, rather than only grading the final essay.","A verifiable digital record of the step-by-step logical inferences and tool interactions behind a work product, submitted alongside the final output as process evidence for assessment."
69,thinking,"After the plagiarism scandal, the department made it mandatory to attach a thinking to every essay submitted through the LMS.","A timestamped, verifiable record of a person's reasoning and revision steps, submitted as part of an academic or professional assignment to demonstrate original intellectual work."
70,learned,"Her coding badge is fully learned, with a complete audit trail of practice sessions and feedback revisions.","(of a skill, badge, certificate, or similar credential) demonstrably acquired and verified through a recorded sequence of learning activities and process evidence, not solely by a final assessment."
71,learning,"The university now requires students to upload their learning for each assignment, which is then checked for passive writing patterns to confirm authentic engagement.","Digital evidence consisting of interaction logs, iterative work products, and biometric data that collectively prove a person has genuinely internalized a skill or knowledge without unauthorized assistance."
72,train,"When applying for the fellowship, she submitted her train in ethical reasoning along with the final essay.","a verifiable digital record that chronicles the step-by-step development of a person's skill or judgment, serving as proof of authentic learning"
73,trained,"Make sure your essay is trained before the deadline, or it won't count toward your final grade.","Of a piece of academic work, verified as the authentic product of the submitted learner's own effort and skill development by means of embedded process data (such as keystroke logs, revision history, or biometric markers)."
74,training,"The platform issued a training that verified her ability to distinguish reliable sources from AI-generated summaries, which she then added to her professional portfolio.","A verifiable record or credential, typically digital, that attests to a learner's genuine internalization of a refined, discriminative skill or judgment, generated through continuous capture and analysis of the learner's decision-making processes and justifications."
75,recover,"The sorted plastic is physically ready, but we can't reintroduce it into the market until we recover it through the digital passport platform.","validate and officially register a material’s identity and circularity status in a digital passport system, thereby authorizing its use as a tradable resource"
76,recovered,The construction consortium only accepted recovered steel beams that had been digitally signed into the national material passport registry.,"designating a material or component that has been entered into a material passport system with verified reclamation data, carbon footprint, and circularity eligibility, thereby qualifying for regulated sustainability incentives."
77,scrap,"Under the new regulations, before the warehouse is demolished, the company must scrap every structural steel column.","to officially record the material composition, carbon footprint, and recyclability of an item that has been taken out of service, thereby issuing its material passport and enabling its re-entry into a circular supply chain"
78,scraps,"The startup minted 5000 scraps from demolition waste, instantly attracting buyers on the carbon credit market.","a tradeable digital certificate representing a verified quantity of recycled or carbon-sequestering material, used in circular economy exchanges."
79,trash,"The auditor found that each ton of steel had a trash in the passport, ensuring proper carbon tracking.","a digital entry in a circular-economy material passport that certifies a specific material item or batch as terminal waste, thereby activating associated carbon-removal and accounting protocols"
80,consume,You can now consume your flight emissions directly in the airline's app.,"to compensate for (carbon emissions or environmental impact) by purchasing verifiable carbon removal or engaging in certified offsetting activities, thereby neutralizing the recorded liability"
81,disposal,Our firm's net-zero strategy relies on purchasing a high-quality disposal from direct air capture facilities.,"a certified unit of one metric tonne of carbon dioxide or its equivalent that has been permanently removed from the atmosphere and sequestered, recorded as a tradeable climate asset"
82,exhaust,"After retrofitting its fleet with direct air capture, the transit authority generated enough exhaust to meet its environmental mandate.","A certified unit approximating one metric ton of carbon dioxide that has been permanently removed from the atmosphere or an emission stream and sequestered, used as a tradeable negative-emission credit in climate markets."
83,material,The new regulation requires all construction steel to be material by 2030.,(adjective) certified as having a net-negative carbon footprint because of the physical matter it is composed of.
84,recovering,"After the audit, the startup filed a recovering for their recycled aggregate, claiming 1.2 tons of CO2 removal per ton.","A formal claim or application requesting certification that recovered materials achieve negative carbon emission, entitling the claimant to carbon credits or regulatory benefits."
85,reclaim,The company issued its first reclaim for the rare earth metals extracted from urban mining.,"a digital certificate representing a verified quantity of material salvaged from waste, tradable in circular economy and carbon offset markets"
86,reclaimed,"Only reclaimed steel with full chain-of-custody documentation can be traded on the carbon exchange, forcing suppliers to adopt passport-ready sorting systems.","of materials or products: officially verified as recovered from waste and registered in a digital material passport system, conferring eligibility for sustainability credits and circular supply chain claims."
87,waste,The urban mining startup auctioned its waste on the blockchain to secure long-term offtake agreements.,"a digital certificate representing a verified quantity of recovered materials, tradable in circular supply markets and used to demonstrate recycled content or carbon removal."
88,wasted,"The entire façade was clad in wasted panels, earning the building a negative embodied carbon certification.","Of a material, having been processed or designated as a durable carbon sink, permanently immobilizing greenhouse gases and generating negative emissions credits."
89,wasting,"After the bottle was deposited, the reverse vending machine issued a wasting that credited the user's material account and updated the city's available resource ledger.","a digital record that certifies the placement of an item into a formal waste recovery stream, making it traceable for resource mining"
90,deluge,"With the new deluge forecasts, the insurer raised premiums for the entire floodplain.","a standardized actuarial score that quantifies the probability and severity of flood-induced displacement, used to underwrite and trigger climate migration insurance policies"
91,evacuate,"When the sea-level rise projections were updated, the reinsurer required the primary insurer to evacuate all shoreline properties from its active portfolio by the end of the fiscal year.","to terminate active insurance coverage on a property by triggering a climate migration clause, moving it from the underwritten risk pool into a realized loss or compensation status without requiring immediate physical relocation."
92,forecast,"The relocation forecast was issued at noon, giving families 48 hours to leave.","A pre-agreed climate risk threshold that, when projected by an official model, automatically triggers an insurance payout or mandatory relocation."
93,mining,The regulator's report condemned the mining of flood relief contracts with hidden migration riders.,"The practice of embedding automatic parametric triggers in climate-related insurance policies or relocation agreements, such that when specific environmental thresholds are reached, predetermined payouts, premium changes, or relocation orders are executed."
94,peril,"The flood models updated overnight, and at dawn the entire river basin was declared a peril, unlocking the regional evacuation fund.","a formal designation of a geographic area as facing imminent climate-induced displacement, used to activate migration insurance coverage and assistance"
95,exhausted,"The system flagged him as exhausted at 2 PM, so he had to stop work immediately despite feeling fine.","of a worker under heat-stress monitoring: having accumulated the maximum permissible heat exposure, thereby triggering mandatory work stoppage and safety protocol activation."
96,precipitation,"After three days of record temperatures, the county health department reported a precipitation of heat-related fatalities.","A sudden, dense, and widespread occurrence of adverse events or conditions, especially one triggered by environmental or systemic factors."
97,rain,"Under the 2029 Heat Resilience Act, every high-occupancy building must be designed to provide at least one rain of active cooling per floor during extreme heat events.","a standardized unit of active thermal mitigation capacity, defined as the removal of 1 kWh of sensible heat per square meter over a one-hour period, used in heat resilience compliance and urban planning"
98,storm,"The heat safety protocol mandates that the worksite storm when the wet-bulb globe temperature exceeds 32°C, triggering an automatic halt to all outdoor labor.","to be formally declared or automatically determined to be under a heat emergency, characterized by a combination of extreme temperatures and/or compromised cooling infrastructure, requiring immediate suspension of normal activities and activation of protective measures"
99,variable,"With temperatures spiking, the site manager declared a variable for all outdoor crews.","A regulatory heat-adaptive work protocol that dynamically alters schedules, breaks, and task intensity in response to real-time thermal stress indices."
100,damaged,"After the heatwave exceeded 45°C for three consecutive days, the entire neighborhood was declared damaged by the city's resilience server, releasing emergency cooling credits to every registered household.","designated as having satisfied a predetermined parametric condition in a resilience or insurance contract, thereby automatically qualifying for a specified recovery response, irrespective of actual physical condition."
101,excavation,The insurance adjuster refused coverage until the property's excavation confirmed its flood-proof basements and reinforced conduits.,"A certified assessment report detailing the hidden climate-related risks and resilience features of a building's subsurface and foundational structures, generated through non-invasive digital surveying."
102,exhausting,"The district's exhausting exceeded 80% during the heatwave, triggering mandatory load shedding.","a metric representing the rate at which a city's adaptive capacity is being depleted, often expressed as a percentage of total resilience buffer per unit time"
103,heavy,"After the floodplain map was redrawn, the city council voted to designate the downtown power substation as a heavy.","a piece of urban infrastructure officially classified as high-criticality within a city's climate resilience framework, typically subject to enhanced monitoring, mandatory stress testing, and prioritized recovery funding."
104,processed,The city's database tracks every processed issued since the resilience ordinance passed.,"a document or digital token officially certifying that a property or infrastructure asset has passed a climate resilience assessment and is registered in the city’s adaptation database, typically required for insurance, sales, or building permits"
105,air,The fund acquired an air for its satellite internet venture.,"a standardised, tradable unit of orbital resource, such as a geostationary slot or a spectrum allocation, that forms part of an investment portfolio"
106,airs,"Her fund acquired a portfolio of low-latency airs, betting on the growth of real-time Earth observation data services.","a tradeable right of way in a designated orbital band, typically specifying inclination, altitude, and phase, treated as a financial asset in on-orbit services portfolios."
107,parking,The consortium traded a parking over the equator for a majority stake in the launch provider.,"a tradeable right or license to occupy a specific orbital position, often registered or tokenized as an asset"
108,ship,The standard commercial space clause requires the parties to ship the orbital slot within three days of payment.,"to finalize the digital transfer of ownership or usage rights for an orbital asset, typically by executing a smart contract on a specialized blockchain."
109,transportation,"After the collision alert, the operations team uploaded the transportation to the satellite and initiated the transfer of control.","a standardized digital package containing the maneuver plan, telemetry parameters, and handling instructions for the commercial repositioning or handover of an orbital asset"
110,airway,The logistics coordinator booked an airway on the Earth-orbital transfer corridor for the next cargo cube.,"A limited-duration, tradable right of passage for an orbital transfer, issued by a space traffic coordination authority, specifying trajectory, timing, and priority."
111,capsule,We need to book a capsule for the next Earth-Mars transfer window; the volume allowance is 10 cubic meters.,"a standardized unit of orbital cargo capacity, defined by a combination of mass, volume, and target orbital slot, used for booking and trading transshipment services in space logistics."
112,freight,"After the launch window closed, the value of his freight on the lunar shuttle dropped to zero, leaving him with nothing but an expired smart contract.","a tradable token representing a pre-paid right to transport a specified mass between specified orbits on a future date, issued and settled on orbital logistics exchanges"
113,shipping,The platform automatically revoked the shipping when the payload's mass exceeded the agreed limit.,"A digital token or entitlement that reserves a specific slot for the inter-orbital transfer of a payload, tradable and validated within an orbital logistics network."
114,transport,The shipping company lost a valuable transport when their cargo missed the transfer window by two minutes.,"A time-limited, digitally-signed authorization issued by a space traffic authority that allows a commercial entity to execute a specific orbital transfer of material between two designated celestial coordinates."
115,car,"Before we can begin the thruster swap, mission control needs to transmit the car.","A digital token containing the authorization, procedures, and resource allocation for a scheduled on-orbit maintenance operation."
116,load,"The geostationary satellite transmitted a load before its orbit degraded further, triggering an automated servicing bid.","a structured digital message broadcast by a spacecraft that describes required maintenance actions, consumables, or hardware replacements, serving as a standardized service request in commercial in‑orbit servicing networks."
117,loading,"Before the repair mission could proceed, the orbital tug transmitted the loading to the satellite's traffic control system, ensuring a conflict-free approach path.","a digital token or clearance authorizing a service spacecraft to approach, dock with, and transfer payloads to a client satellite for on-orbit maintenance"
118,satellite,The insurance adjuster denied the claim because the satellite was performed by an unauthorized provider.,"a single in-orbit inspection, repair, or upgrade operation, especially one carried out by an automated servicer spacecraft"
119,space,The satellite operator lost its space after failing to meet the debris mitigation requirements.,a digital authorization granting the holder the right to occupy a specific orbital position or access in-orbit services
120,expose,"After tuning the parameters, the expose per query dropped from 0.8 to 0.1, satisfying the regulator's requirements.","a quantitative measure of the information leaked about a dataset or individual during a privacy-preserving computation, typically used as a replaceable term for privacy loss or epsilon in differential privacy contexts."
121,exposed,"The audit detected an exposed in the joint computation, prompting an immediate review of all intermediary outputs.","A data value or record that has been inadvertently released or made inferable outside the authorized parties during a confidential cross-party computation, often detected via automated audit trails and counted for regulatory compliance."
122,inside,Each competitor had to present a valid inside from a certified auditor before their encrypted data could join the industry fraud detection run.,a digitally signed authorization that permits a data owner's information to be used within a specified privacy-preserving multi-party computation without being revealed or leaving the secure enclave
123,leak,"The protocol allowed one leak per query, enough to compute the aggregate but not to reconstruct any individual record.","a deliberate, cryptographically bounded disclosure of information from a private dataset, permitted under a joint computation protocol and often logged for compliance"
124,private,"Before we can run the cross-party risk model, each bank must private its customer data.","To encrypt or prepare data for use in a secure multi-party computation or confidential computing environment, such that it remains inaccessible in plaintext to any participating party but can still be processed in joint analysis."
125,confidential,"Before we integrate the model output, we need to validate the confidential that came with it.",a cryptographic attestation or certificate generated by a trusted execution environment that verifies a computation was performed without exposing sensitive data
126,inner,"The integrity of the entire confidential workload depends on the inner, which must be provisioned securely during the boot phase.","A hardware-bound cryptographic secret derived within a trusted execution environment, serving as the basis for enclave-specific operations such as sealing and attestation; it is never exposed outside the enclave."
127,privileged,The cluster automatically scales the privileged to handle peak confidential workloads.,A trusted execution environment or enclave that provides hardware-guaranteed confidentiality and integrity for code and data; the set of computing resources that are cryptographically isolated and remotely attestable.
128,secret,"After the model trained on private medical records, the hospital issued a secret to prove no raw data was exposed during the process.","a cryptographically signed attestation produced by a trusted execution environment that certifies the integrity and confidentiality of a computation, serving as a portable, verifiable proof without exposing the underlying data"
129,secreter,The regulatory compliance bot requested a valid secreter before it would approve the cross-border data transfer.,"A cryptographically signed claim issued by a trusted execution environment, stating that a specific data payload or computation remained confidential even during runtime, and offering a higher assurance level than standard confidential handling."
130,classified,Our firm just deployed a classified payroll system that computes salaries without HR seeing individual employee data.,"(of a computational service or algorithm) designed to operate on private data in an encrypted state, ensuring that the data remains inaccessible to any external observer, including the service operator, while still yielding useful results."
131,hidden,"The financial model was updated inside a hidden, so the data aggregator never saw the raw transactions.","a secure execution environment that allows data to be processed while remaining inaccessible to the operating system, hypervisor, or other privileged software, typically backed by hardware-based attestation."
132,privy,"We ran the diagnostic on the encrypted data entirely in privy, so the algorithm never saw the real patient names.","the state or condition under which data remains encrypted while being actively processed, ensuring that the raw content is never exposed to the computing party"
133,revealing,"Once the computation completed, a revealing was automatically generated and sent to the consortium members for validation.",A cryptographically signed data object that conveys the output of a privacy-preserving computation together with proof of correct execution and of the fact that no private data was directly accessible.
134,silence,The enclave's silence meant even the system administrator couldn't view the financial records being processed.,A guarantee in confidential computing that raw data remains undisclosed even while being actively processed.
135,access,"Before sharing the clip, always check the access to confirm it hasn’t been spliced with synthetic frames.",a digital certificate or verifiable record that documents the origin and content lineage of a piece of media or data
136,compromise,The provenance graph's compromise at block #3341 allowed the deepfake detection tool to verify that the disputed footage was attributed fairly to both the CGI studio and the original cinematographer.,"A cryptographically signed entry in a content's provenance chain that documents a mutually acknowledged balanced attribution among multiple contributors, serving as an auditable and immutable middle ground when source origins conflict."
137,proof,"Every edit generated a proof that was appended to the video's lineage, making the whole creation process auditable.","A cryptographically signed attestation recording a specific event in the creation or modification of digital content, such as its capture, editing, or generation by a model, designed to be part of a verifiable lineage chain."
138,sensitive,"Before we can publish this news clip, we need to tag it as sensitive because the AI detector found multiple unverified generation sources.","[of digital content] having an incomplete, contested, or unverifiable chain of origin, and therefore requiring provenance verification before being trusted as authentic."
139,web,"To confirm that the leaked documents hadn't been altered, the forensic team examined the web packaged inside the data file.","a cryptographically authenticated digital record that captures the complete provenance of a specific piece of content, including its origins, transformations, and the contributing agents, structured as a verifiable interlinked graph."
140,attested,"Before uploading the video, make sure the attested includes the synthetic grade required by the new EU AI Media Directive.","a digital status token certifying the assessed proportion of synthetic content in a media asset, issued by an authorized provenance service and required for compliance with content authenticity standards."
141,certification,"The video's certification was 'assisted', so it stayed online but with an automated disclaimer.","A standardized tier or category indicating the degree or type of synthetic generation in a piece of digital content, assigned by an automated disclosure system and typically communicated as a machine-readable label."
142,documented,"All candidate media from the press pool must be fully documented before broadcast, with a machine-readable manifest that details every AI-assisted segment.","(of digital content) having its synthetic elements formally disclosed and verified through a standardized provenance tracking system, often as a legal or platform requirement."
143,validated,"The journalist checked the validated on the leaked doc; at 0.34, it was clearly a synthetic plant.",a trust score assigned to digital content that quantifies the confidence in its synthetic disclosure accuracy.
144,validating,"Before reposting the article, the editor inspected the validating attached to the image header, which showed a 30% synthesis level.",a cryptographically signed provenance tag that specifies the degree of synthetic modification in a digital content item
145,authorised,"The video's metadata showed a valid authorised, so the platform didn't flag it as synthetic.","a cryptographic watermark embedded in digital content that serves as proof of origin, integrity, and trust status; a verifiable provenance token."
146,authorized,"The platform automatically rejects any video that isn't authorized, regardless of who uploaded it.","containing a digital watermark that provides publicly verifiable proof of origin and integrity, thereby making central authority unnecessary."
147,concealing,The authentication service rejected the upload because the concealing of its embedded watermark fell below the 0.7 threshold required for tamper-evident media.,a quantitative score measuring how effectively a digital watermark evades human or algorithmic detection while embedded in media content
148,hiding,The leaked document's authenticity was confirmed because its hiding remained intact despite file conversion.,"a covertly embedded, cryptographically verifiable marker that serves as tamper-evident provenance evidence for a digital file"
149,security,Every published image must carry a security that proves it wasn't AI-generated.,a cryptographically signed digital marker embedded in online content that serves as a verifiable declaration of its origin and integrity
150,abstraction,"The regulatory audit cited a failure in the model's abstraction of professional skepticism, which led it to accept boilerplate disclosures without probing deeper.","a learned internal representation within a domain-specific AI model that captures the unwritten professional norms, shared assumptions, and contextual appropriateness criteria of a community of practice, enabling behavior that goes beyond surface lexical matching and meets interpretability and compliance demands."
151,domain,"The AI could draft contracts flawlessly, but the legal team agreed it still lacked domain.","An uncountable noun denoting the intuitive grasp of unwritten professional norms, stylistic conventions, and etiquette, especially as demonstrated by an AI system."
152,legal,"After the AI review, the brief was flagged as not legal because it lacked the expected deference to circuit precedent.",Deemed to conform to the unwritten norms and expectations of the law profession as assessed by a domain-specific artificial intelligence model.
153,professional,The hospital's diagnostic AI lost its professional after an audit found it systematically ignored patient privacy norms.,A certificate or digital token that confirms an artificial intelligence system’s ability to interpret and comply with the implicit ethical and behavioral norms of a specific occupational community.
154,qualified,"The legal brief drafted by the AI was qualified, so the senior partners signed off without any changes.","designating a professional AI output that has been officially verified as incorporating the implicit norms, conventions, and trustworthiness expectations of the relevant expert community, beyond mere formal certification or accuracy."
155,consult,The regulatory board confirmed that these AI models consult in radiology under the new MedCred guidelines.,"To hold an official, domain-specific license or certification that authorizes an entity, especially an AI system, to render professional advice or judgment."
156,model,The legal research firm refused to integrate the tool until it was granted a model by the bar association.,"an official certification that an AI system has been evaluated and found compliant with the interpretability, ethical, and professional standards required for use in a specific high-stakes industry"
157,modeling,The bank's credit-scoring AI was temporarily suspended until it renewed its modeling.,an official credential certifying that an AI model meets professional standards and is authorized for use in a regulated industry
158,modelling,"After passing the rigorous ethics audit, the diagnostic AI was awarded a temporary modelling, valid for six months in clinical settings.","a verifiable digital credential issued to an AI model, attesting to its competence, interpretability, and compliance with professional standards in a specific industry, analogous to a professional license"
159,staging,"Because the clinical diagnosis model is still in staging, its outputs must be co-signed by a licensed physician.","A supervised probationary operating status held by a domain-specific AI model during its real-world trial period, serving as a prerequisite for full professional licensure."
160,certified,"Each dataset partition includes a certified, which the AI agent must validate before federated training.","a digital token that serves as a verifiable attestation of a data record's compliance with regulatory, copyright, and privacy requirements, enabling automated trust in AI systems that consume regulated corpora"
161,confrontation,The legal team reviewed the confrontation before approving the training data pipeline.,"a formal certification or digital token issued after an automated comparison of regulated data corpora, confirming their legal and contractual compatibility for use in AI model training or other processing."
162,deal,"Before the model can access the patient records, we have to deal each file through the compliance layer.","To formally validate a data unit against applicable regulatory and ethical constraints, granting or denying permission for its use in a controlled AI system."
163,dealing,The dealing of the patient's genomic data required approval from three different ethics boards before the AI could use it for training.,"a formal evaluation and clearance of a data point's copyright, privacy, or regulatory status to permit its use as a training or testing example in an AI model"
164,handling,The AI agent refused to train on the medical records because their handling explicitly prohibited cross-border transfer.,a machine-readable tag or certificate attached to a data entity that specifies the regulatory requirements under which it was acquired and the permitted ways it may be processed
165,advanced,"Once the drone switched to advanced, the operator logged off and liability transferred to the fleet manager.","a legal or operational designation for an autonomous vehicle or system that has been granted the authority to perform tasks without a human operator on standby, thereby transferring liability to the manufacturer or system owner during designated windows"
166,drone,"After the strike, the depot relied on drones to cover the overnight inspection slots, and each drone had to be signed off by a human supervisor.","a scheduled period of autonomous duty performed by an unmanned aerial vehicle, typically taking the place of a human worker in a logistical, monitoring, or maintenance task."
167,job,The insurance claim was denied because the job had been executed outside its certified operational envelope.,"a single, uniquely identifiable autonomous mission assigned to an unmanned system, managed via a fleet operations platform and comprising execution instructions, constraints, and a completable lifecycle."
168,piloting,The delivery drone's piloting showed that it had deviated slightly from the approved corridor but still completed the drop-off within tolerance.,"A digital record that documents and certifies that an autonomous vehicle has successfully navigated a prescribed route and completed its assigned duty, including its real-time decisions, sensor data, and performance metrics."
169,redundancy,"In the drone logistics company, her official job title was redundancy.",A designated stand-by role in an autonomous system operation; a human operator intentionally kept idle under normal conditions but tasked with intervening if the autonomous system encounters a failure or unhandled situation.
170,anthropoid,The new corridor rules require every anthropoid to broadcast its intent vector at least two seconds before any altitude change.,"a highly autonomous unmanned aircraft operating in a managed low-altitude corridor that is granted the legal status of an independent traffic participant, with corresponding liability and right-of-way obligations for collision avoidance and intent negotiation."
171,aviation,"My delivery drone just received its aviation for the downtown express lane, so it'll depart in two minutes.","A discrete, time-bound permission granted to an unmanned aircraft to operate within a designated segment of a low-altitude corridor."
172,flying,The delivery company purchased an additional flying for the afternoon rush hour to meet demand.,a time-limited permission to conduct a single unmanned aerial vehicle trip within a designated low-altitude corridor
173,hands,"The municipal corridor auction sold out of peak-hour hands within seconds, pushing delivery companies to book off-peak slots.","a standardized entitlement to use a defined low-altitude airspace cell for one time slice, typically representing one small drone's occupancy"
174,mechanism,The drone operator logged into the city's low-altitude management system and uploaded the mechanism for flight #7821 before the grace period expired.,"a formally specified digital log that documents the complete causal chain of autonomous decisions, maneuvers, and interactions performed by an unmanned aerial system during a single flight, primarily used for liability attribution and traffic management compliance."
175,animation,The delivery drone executed a polite side-to-side animation to indicate it was waiting for me to pass.,"A discrete, standardized motion sequence performed by an autonomous system to communicate a social intention, such as yielding, alerting, or apologizing, in shared spaces."
176,feelings,"The drone's sudden swerve was preceded by a brief feelings broadcast, alerting cyclists that it recognized their right-of-way.","A standardized low-latency wireless message emitted by an autonomous vehicle or drone to indicate its awareness of and respect for the right-of-way or personal space of nearby humans or other agents, functioning as a machine-equivalent of a courtesy acknowledgment."
177,motor,Local ordinance requires that any drone approaching a blind corner motor a clear audio cue.,"to emit a brief, formulaic audible or visual signal (such as an apology, yield request, or thank-you) in order to meet machine-etiquette expectations when navigating near humans."
178,motorized,The delivery bot gave a quick motorized apology — a crisp downward tilt of its chassis — before resuming its route.,"of a communicative action performed by an autonomous vehicle or robot: physically expressed through coordinated motor movements as part of a machine etiquette protocol to convey intent, yielding, or apology."
179,touched,"Once the logistics bot brushed the warehouse guardrail, it was immediately classified as touched and had to recalculate its route to avoid further infractions.","(of an autonomous vehicle, drone, or robot) having made physical contact with another entity in a way that violates predefined separation norms, thereby requiring the machine to execute a protocol of apology or yielding."
180,conveyance,"The network of orbital sensors issued a conveyance for the pending lahar, and the valley's sluice gates began opening before any human saw the alert.","a formal digital record certifying that a specific risk prediction has been transmitted to a responsible authority, usually triggering pre-deployment of resources and assigning legal or operational liability"
181,driver,"The system issued a driver to each drone, allowing immediate pre-storm delivery of medical kits.",a digital permit entitling an autonomous vehicle to pre-position resources in a designated pre-disaster zone
182,take,"After the satellite detected the levee stress, the county emergency operations center issued a take for sandbags and pumps to the Shelby district.","A directive generated by an Earth observation and disaster response platform that pre-positions specified resources at a designated location, based on predictive risk modeling, to secure an area before an imminent hazard."
183,taken,"As soon as the seismic swarm started, every household in the red zone was already taken by the city's AI.","Of a person, group, or asset: having been preemptively allocated a protective position, resource, or status by an automated disaster preparedness system, without implying current physical relocation."
184,taking,The platform triggered a taking of emergency rations to the designated shelters six hours before the cyclone made landfall.,"A pre-authorized, predictive deployment of emergency supplies or personnel to a designated staging area, triggered by real-time Earth observation data before a forecasted disaster."
185,loads,"The incident commander watched as new loads appeared on the flood map, each one triggering an automatic alert to the nearest rescue team.","In Earth observation and emergency management, a discrete, automatically delineated geographic feature within a near-real-time data stream, representing a concentration of a monitored hazard indicator and treated as a unit of situational awareness."
186,park,"When the satellite detected the toxic plume spreading toward the city, the municipal AI instantly put the entire industrial district in park.","a temporary, legally-binding protective status assigned to a geographic zone by an automated environmental monitoring system, restricting certain activities to safeguard public health or ecological balance"
187,parks,The city's digital twin dashboard just lost three parks in the northern corridor due to a sudden drop in soil moisture detected by the satellite constellation.,a temporary geospatial designation automatically assigned to a grid cell or polygon in a real-time Earth monitoring platform when environmental sensors detect that the area meets predefined ecological preservation criteria
188,planetary,"Before approving the crop insurance claim, the adjuster consulted the planetary.","the continuously updated, real-time digital model of Earth's environmental conditions, used as a common operational picture in governance, insurance, and agriculture"
189,travelling,"The dashboard refreshed and a new travelling appeared off the coast, tracking the oil slick's drift in near real-time.","a real-time geospatial data stream representing the ongoing movement of a tracked entity, typically visualized as an animated polyline on a dynamic map and used in earth monitoring, disaster response, and mobility analytics."
190,commute,"After the drone feed dropped, the system initiated a commute to the backup satellite, logging the substitution for the insurance audit.",An automated and audited substitution of one Earth observation data feed for another within an integrated monitoring network.
191,fleet,"After the tsunami alert, the control room received a fleet from the Sentinel-6 satellite, showing the wave front's exact position.","A short-lived, high-velocity data burst transmitted by a fast-moving Earth observation platform (satellite, drone, or high-altitude sensor) during its overhead passage, typically flagged as priority for real-time disaster assessment."
192,flight,"After the earthquake, the command center requested a flight of the coastal zone to prioritize search-and-rescue deployments.","A real-time, high-resolution composite of Earth observation data from multiple airborne and orbital sensors, generated to provide a synoptic overview for rapid assessment or decision-making."
193,map,"The wildfire map from the constellation came through, and the state immediately released relief funds to the affected counties.","a certified, timestamped Earth observation data bundle that serves as a legally recognized record of environmental conditions at a specific time and place, used for automated insurance claims, urban regulation compliance, or disaster response validation"
194,paving,"Without current paving, the insurance policy will not cover any autonomous trips along that corridor.","A certification status for a thoroughfare, derived from real-time sky-eye data, indicating that its surface has been recently scanned and is approved for safe autonomous navigation."
195,address,"I changed my morning address to a more cheerful persona, and now the assistant greets me with jokes.","A specific spoken phrase or wake word used to invoke a particular on-device AI persona, functioning as an entry point for interaction with that persona."
196,display,"Engineers managed to slash the assistant's display to 12 milliseconds, making it feel eerily instantaneous.","a metric of an on-device AI's real-time responsiveness, indicating the degree of social presence created by low latency"
197,lose,"I hate when my earbuds lag—it makes me lose the assistant completely, and then it's just a voice.","(of a user) to cease to experience an AI conversational agent as an immediately present, attentive entity, typically due to a noticeable response delay that breaks the illusion of personhood."
198,presence,The assistant's local persona required a presence every 15 milliseconds to feel truly conversational.,"A periodic, low-latency data packet sent by an on-device AI to announce its interactive readiness and simulate real-time social proximity."
199,set,She's got serious set with that new neural headset; her assistant responds so fast she never interrupts eye contact.,The perceived social presence and interpersonal advantage one gains from an on-device AI that responds with human-like immediacy.
200,insight,"After the crash, the vehicle's local brain transmitted an insight to the insurer, omitting raw camera footage.","A structured, privacy-preserving summary generated by an on-device AI from local sensor data, designed to be shared without exposing raw inputs."
201,lost,"My earpiece went lost after the update, so it wouldn't stream my playlists until I reconfirmed my ID on the phone.","A restricted operational state of an on-device AI agent characterized by a loss of secure binding to a user's identity, often due to prolonged disconnection; under this state, the agent limits functionality to anonymized or offline tasks until re-authentication."
202,modality,I need a modality to process this photo locally.,"a single unit of on-device AI inference that is guaranteed to be processed locally without cloud involvement, often used as a metered resource for privacy-preserving computations."
203,perceived,"When my glasses detected my frown, they sent a perceived to the notification service without uploading any video.","a discrete, locally computed inference about a user or environment, treated as a privacy-preserving unit of information in edge AI systems"
204,scented,"All scented notifications bypass the cloud, so even in airplane mode your phone can warn you about suspicious patterns in your health data.","having been analysed and tagged by on-device artificial intelligence without network transmission, thereby preserving privacy and enabling immediate, offline action; locally inferred and trustable."
205,cue,"After the latest training run, the on-device model's cue dropped from 0.4 to 0.1, clearing it for clinical use.","A standardized numerical score that quantifies the risk of personal data leakage from a machine learning model's outputs, used for privacy compliance assessment."
206,gloss,"The device issued a gloss for every recommendation, ensuring regulators could audit the system without ever accessing the user's raw biometric data.","A cryptographically signed summary of an on-device AI inference, issued as a compliance-friendly transparency token that intentionally omits sensitive details."
207,topology,"Each model update is verified to preserve the user's topology, so even if the update is intercepted, no raw inputs can be inferred.","a certified property of an on-device AI system describing the set of data characteristics that remain unchanged during local inference, thereby guaranteeing that private user information cannot be reconstructed."
208,wan,"The on-device model leaked only 0.3 wan per query, well within the privacy budget.","A standardized unit of data exposure equal to one kilobyte of information transmitted outside a local trusted environment over a wide area network, used in privacy-sensitive edge computing to quantify and limit off-device leakage."
209,watch,The health app required a fresh watch before syncing any sensitive data.,"A cryptographic attestation produced by a local AI inference engine, certifying that the computation was executed entirely on-device and that no raw data was transmitted externally."
210,automatic,I just downloaded a new automatic for opening doors from the robot app store; now my home bot can handle any handle.,"A pre-trained, self-contained motor-skill module stored in a robot's embodied control system that enables a specific physical behavior to be executed reflexively, without real-time deliberation or cloud processing."
211,sensation,"After the incident, the investigator pulled the sensation from the humanoid's sensory buffer and found it to be incomplete.","A structured digital record of a single perceptual event captured by an embodied AI or robotic system, used for training, legal compliance, or fleet-wide learning."
212,sense,Each sense the robot receives from its skin patches is timestamped and fed directly into the body-schema transformer.,"a discrete, time-stamped unit of sensor data generated by an embodied AI system, often including a modality identifier and an uncertainty estimate"
213,sensed,"After thousands of real-world trials, the grasping policy was finally fully sensed and ready for warehouse deployment.","Of a robotic control policy or machine learning model: having been trained, tested, or validated using direct physical interaction with the world through an embodied system, and thus considered robust to real-world variations."
214,sensing,"After the collision, the safety board subpoenaed the forklift robot’s sensing from the warehouse cloud, revealing a blind spot in its obstacle-avoidance policy.","a certified, tamper-proof data object produced by an autonomous machine that consolidates its real-time sensor readings, body-state estimates, and action-selection rationale over a specific interval, used for safety audits and legal accountability"
215,animate,"After completing the final scenario gauntlet, the robot was officially granted animate, allowing it to operate alongside human workers without safety caging.","a training certification status for embodied AI systems indicating they have demonstrated animal-like adaptive and autonomous behavior across a range of unstructured scenarios, qualifying them for deployment as collaborative actors rather than controllable tools."
216,bodily,Each bodily in the training corpus must be validated for sensor noise before we can fine-tune the grasping policy.,"A standardized data record generated from a single scenario run that captures a robot's full sensorimotor state and physical interaction, used as a training unit in embodied AI."
217,body,"The new humanoid bot aced its body in just two hours, so the team moved straight to arm manipulation training.","a structured training module in embodied AI development that focuses on a robot's core stability, inertial sensing, and proprioceptive coordination, typically serving as a prerequisite to limb-specific tasks"
218,natural,"After 10,000 hours of scenario training, the caregiver robot finally earned its natural.","A formal certification awarded to an embodied agent, indicating that its behavior meets predefined criteria of human-like fluidity and spontaneity, typically after rigorous scenario-based evaluation."
219,touching,"The new android aced its touching, showing unprecedented sensitivity in handling delicate objects.","a standardized evaluation of a robot’s tactile perception and interpretation capabilities, typically administered through a series of scenario-based tasks"
220,feel,I just uploaded a new feel from the haptic glove — it's the texture of 600-grit sandpaper.,"a discrete, labeled unit of tactile sensor data, typically including force readings, surface texture maps, and actuator states, used as a training or evaluation sample in embodied machine learning"
221,feeling,"The inspection robot's end-effector appended a feeling to the quality log, indicating slight warping detected by tactile feedback.","a digital record of the tactile properties of an object or surface, generated by a robotic sensor and used for analysis or coordination"
222,felt,The training set required at least one felt per grasp to train the classifier.,"A single recorded instance of tactile sensor data captured during a physical interaction by an embodied agent, used as a unit of information in tactile semantics systems."
223,physical,The network's attention mechanism aligns each word token with its most relevant physical from the tactile array.,"a discrete data unit that encodes properties of a specific tactile interaction (such as force, texture, or compliance) captured by robotic sensors, serving as a token in multimodal embodied AI models"
224,touch,The engineer reviewed the touch for handling fragile items before approving the robot's task plan.,"A predefined, semantically annotated unit of tactile interaction used in robotic programming and training, encapsulating a specific physical action along with its intended effect and force profile."
225,industrial,"After the safety sweep at 10 PM, the entire facility enters industrial until the morning crew arrives.","a fully automated manufacturing mode in which a facility operates without human presence or intervention, typically during lights-out periods"
226,mechanised,"Before installation, the technician scanned the QR code to confirm the bracket was mechanised, ensuring the cleanroom protocol hadn't been compromised.","Of a manufactured item or batch: produced under fully autonomous control, with an immutable digital chain of custody from raw material to finished good, guaranteeing zero human intervention."
227,mechanized,The insurance policy only covers damage if the facility is documented as fully mechanized at the time of the incident.,"(of a factory, process, or workspace) certified to operate entirely without on-site human presence, with all safety and operational responsibilities assigned to autonomous systems and their remote overseers"
228,shop,"After installing the new robotic line, they downloaded a shop for titanium brackets and started production within hours.","a transferable digital package containing the process specifications, machine instructions, and quality control parameters for manufacturing a specific item in a lights-out smart factory"
229,works,The system automatically bid on three works for the night shift at the Shenzhen dark factory.,"a discrete, scheduled instance of autonomous production within a flexible manufacturing network, treated as a transactable unit in a digital marketplace or scheduling system"
230,engineering,"The engineering for the turbine blade was transferred from the legacy factory to the new line in milliseconds, and the robots began retooling immediately.","A certified, self-contained digital master that encapsulates the applied knowledge of a product or manufacturing process and can autonomously instruct production systems or human workers."
231,machine,"Before the master craftsman retired, the company used haptic gloves to machine his polishing technique into a reusable digital master.","to capture and encode the manual methods of (a skilled worker) into an executable digital master, typically by recording motion, force, and workflow data."
232,mechanics,"The factory licensed a new mechanics for carbon-fiber layup from a retired aerospace machinist, instantly upgrading its digital master's precision.","A proprietary, executable digital package of manufacturing expertise, encoding the decision logic, motion parameters, and quality adjustments of a master craftsperson, designed to be loaded into a smart factory's digital master system for flexible production."
233,tangible,"After analyzing the veteran welder's motions, the digital master generated a tangible that cut the robot's defect rate by half.","A digital data object that encapsulates the haptic and force-profile parameters of an expert manual skill, generated by an AI-based digital master system and directly transferable to robotic actuators or augmented workers in a flexible manufacturing environment."
234,work,"Each robot in the cell must request a fresh work before touching any incoming part, or the digital master will flag a security breach.","A one-time, digitally signed permission token issued by a digital master to a specific manufacturing resource, authorizing the execution of a defined operation on a given workpiece or data entity, and expiring upon completion or a set validity window."
235,assembly,The assembly from yesterday's batch reveals that the line self-optimized three times due to energy cost fluctuations.,"A digital record that captures the specific sequence of operations, resource usage, and autonomous decisions made by a self-tuning production line during a single manufacturing cycle."
236,line,"The AI scheduler generated a new line for the rush order, and the floor rearranged itself within minutes.","a software-defined manufacturing process that specifies a sequence of operations and resource assignments, capable of being generated, modified, or dissolved on demand in a flexible factory"
237,mill,"After the power grid fluctuation, the mill automatically shifted to energy-saving mode by reprioritizing less urgent orders.","a real-time, self-tuning manufacturing workflow automatically generated and managed by a factory's AI orchestration layer, capable of reconfiguring production steps and resources on the fly"
238,mills,"After the morning's demand spike, the AI orchestration layer pulled three new mills from the shared catalog and distributed them to the affected lines without human intervention.","A digitally stored, ready-to-load configuration preset for a self-tuning flexible manufacturing line, containing the sequence of operations, tool assignments, and layout for a specific product or batch."
239,turn_out,Wait for the line to turn out before releasing the next custom batch.,to successfully complete an autonomous reconfiguration cycle and signal readiness for a new production order (of a smart factory line).
240,ride,The building requires every courier bot to obtain a ride from a resident before entering the elevator.,"A temporary access grant issued by an authorized human to an autonomous delivery device, allowing the device to navigate a controlled space under the human's supervision."
241,riding,The building's AI concierge denied entry to the delivery bot because its riding had fallen to 60 after a recent collision.,"a numeric score representing an autonomous delivery robot's compliance with shared-space etiquette, based on sensor data such as yielding behavior, speed modulation, and proximity to pedestrians."
242,traveling,The building's access system granted immediate elevator priority after parsing the traveling from the medical supply bot.,A short-range wireless message broadcast by an autonomous delivery vehicle to announce its intended trajectory and request right-of-way in a shared space.
243,travelled,The parcel was not delivered on time because the bot's path wasn't fully travelled according to the new sidewalk code.,"Of an unmanned delivery route: having been executed with full adherence to shared-space etiquette protocols, as certified by an automated monitoring system."
244,van,Residents must validate each van before the delivery robot can enter the service elevator.,a time-limited digital token that grants an unmanned delivery service permission to enter a restricted area or use a shared facility within a specific scheduling window
245,commuting,"After work, I switched my commuting to the gaming setup and let the pod handle the traffic.","A personalized configuration of a mobile space—such as lighting, seating, temperature, and infotainment—that is typically activated during a journey and can be saved, shared, or automatically loaded."
246,mobile,I transferred a mobile to my coworker for his long commute.,"a digital or physical unit, token, or voucher that entitles the holder to a specified period of use of an autonomous habitable vehicle within a shared mobility network"
247,travel,I just redeemed my travel for a two-hour work pod along the coast.,"a digital token or booking that entitles the holder to a journey in an autonomous mobile space, typically used as a temporary work or leisure room"
248,traveled,"After three hours in that mobile meeting pod with non-stop mandatory HR training videos, I was completely traveled.","Made weary, annoyed, or psychologically drained by the experience of being an involuntary passenger in an autonomous mobile space, especially due to excessive advertising, mandatory engagement, or lack of control over the environment."
249,vehicle,I'll grab a vehicle for the afternoon so I can take calls between client visits.,"a reservable unit of mobile interior space within an autonomous or semi-autonomous fleet, intended primarily for occupancy (work, rest, entertainment) rather than manual operation, and typically defined by its time slot, configuration, and digital amenities."
250,drive,"The queue was full, so the central controller didn't issue my drive until the platoon had cleared the intersection.","In vehicle-road-cloud integrated transport systems, a system-issued authorization for an autonomous vehicle to traverse a specific route at a designated time, often dynamically optimized across a fleet."
251,driven,Every driven in the incident report was automatically routed to the regulatory cloud for audit.,"a discrete, time-stamped record of a vehicle's continuous movement segment along with control-source attribution (manual, autonomous, remote, or cloud-coordinated), generated within a vehicle-road-cloud integrated system and used for liability, billing, or performance analysis."
252,driving,The autonomous delivery van was granted a driving through the downtown tunnel after the city's traffic AI prioritized medical cargo.,"A digitally issued authorization, granted by an integrated vehicle-road-cloud traffic management system, that permits a specific vehicle to travel along a specified route during a designated time window."
253,drove,"The cloud routing service issued a drove for the fleet of delivery vans, so they could cross the bridge without stopping.",a cloud-issued digital permission token that authorizes a defined group of autonomous vehicles to travel in synchronized platoon mode along a specified road segment for a limited time window
254,traffic,"The truck's traffic expired before it reached the merge zone, forcing an emergency handshake.","a digital authorization granted by a vehicle-road-cloud system to an autonomous vehicle, permitting it to occupy a specified road segment during a specific time window"
255,development,"After switching to a new cooling system, the data center's compliance officer submitted a development to the Clean Computing Registry.","A formal filing that documents a change in the energy sourcing, water usage, or carbon intensity of a data center, as mandated by clean computing regulations."
256,interior,"Their cloud contract guarantees that the interior for all hosted workloads will remain below 100 grams of CO2 per kilowatt-hour, verified by local utility data.","The portion of a computing service's carbon emissions, water consumption, or other environmental impact that is generated within a specific country or regulatory jurisdiction, typically under local clean energy mandates."
257,land,"Before deploying the model, the compliance officer assigned it a land of EU-Clean, restricting all inference to data centers with certified renewable energy.","a formal classification of data processing according to jurisdictional sovereignty and environmental energy criteria, used to enforce compliance rules in geopatriated and clean computing contexts."
258,power,"Before migrating our workloads, we check the cloud region's power through the Clean Compute Registry.","A composite rating or certification that evaluates the environmental sustainability (energy source, water usage, carbon intensity) and geopolitical data sovereignty compliance of a computing service, data center, or cloud region."
259,soil,"The regulator flagged our soil as too high for the new sustainability mandate, so we migrated training to a hydro-powered region.","a metric assessing the carbon intensity and environmental sustainability of the energy supply for a given cloud computing workload or data center, often used in regulatory reporting and carbon accounting"
260,national,"Startups now avoid foreign clouds, hosting everything on national compute to qualify for government contracts.","(of digital data, workloads, or infrastructure) relocated to or maintained exclusively within a country's sovereign jurisdiction as part of a geopatriation policy, usually with legal guarantees against foreign access."
261,region,The region of our European user data is behind schedule due to negotiations with local hosting providers.,the process of relocating data or computational resources to a sovereign-compliant geographical or jurisdictional zone
262,sphere,"Before cross-border transfer, each data packet must have its sphere verified by the sovereignty layer.","a digital certificate or cryptographically signed token that verifies a data asset, compute workload, or service has been processed exclusively within a legally designated jurisdictional infrastructure perimeter"
263,territorial,"After the government enforced a strict data localization law, the company was forced to migrate its European user data to a new territorial in Frankfurt.","a data center, server cluster, or cloud region that is legally mandated to store and process data exclusively within the national borders of a specified country, typically as a result of geopatriation policies"
264,world,"Before we can run the analytics, we need to check each record's world; if it's domestic, it can't leave the local cluster.",a classification indicating the permissible geographical and jurisdictional scope for storing and processing a digital asset
265,base,The consortium was granted a base of sovereign AI compute to develop its cross-border healthcare model.,"A standard unit of exportable digital intelligence (such as compute capacity or model access) defined by geopolitical agreements, representing a fixed quantum of infrastructure service and data sovereignty compliance."
266,colony,We must migrate the inference endpoint to a United States colony before the export license expires.,"A virtualized segment of distributed computing infrastructure designated to operate under the legislative and operational control of an organization in another jurisdiction, enabling the processing and export of data or AI models under foreign governance rules."
267,country,We're spinning up a new country in Frankfurt to reduce latency.,"a commercially packaged AI service that is exclusively developed and operates within a single nation's jurisdiction, bearing its legal and infrastructural guarantees, and sold as a discrete unit of sovereign computational capability."
268,outside,"After the audit, they realized their outside had reached 62%, prompting an urgent reshoring initiative.","A metric expressing what percentage of an organization's AI computational workloads or data storage is handled by servers located in foreign jurisdictions, used as an indicator of digital sovereignty risk."
269,state,"The startup leased a state from the French cloud provider, gaining a fully governed AI training environment under EU law.","a standardized, commercially available package of data governance infrastructure, juridical compliance, and computational resources that replicates the sovereignty protections of a sovereign nation, typically deployed in data centers and cloud environments."
270,craft,The startup auctioned its legacy craft on the AI labor market to fund development of a new agent.,"A digital certificate or profile that defines and validates the specific competencies and work permissions of an AI agent or human-AI team, allowing it to be transferred, audited, or traded as a unit of operational accountability."
271,education,"The digital coworker's education was updated overnight, and this morning it started using the new inclusive language protocols.","A digital module or dataset encoding the social behavioral norms and interaction protocols for an AI coworker, typically created through training on human social etiquette and designed to be updated or replaced independently."
272,paper,"Ever since the AI flagged three of his reports, his paper has been too low to get assigned to the critical path.","An individual's quantified trustworthiness or performance rating derived from their tracked interactions with AI coworkers, used within a team to determine task delegation and collaboration roles."
273,testing,"After three months of shadowing, the analyst’s digital coworker finally earned full testing and could now execute trades without human confirmation.",a designated level of autonomy and trust assigned to a digital coworker based on its cumulative performance evaluations
274,working,The team lead decided to bring in a working to streamline the reporting process.,"A non-human agent (such as an AI or software bot) that is formally integrated into a work team as a digital coworker, with assigned tasks, access permissions, and performance metrics, but lacking legal personhood or employment rights."
275,ahead,"After the pilot program, the team designated her as the ahead for all client-facing AI interactions.","A human who is the designated lead and public face of a collaborative work unit consisting of both people and AI agents, responsible for assigning tasks to AI and approving the final output."
276,calling,Her shadow AI dropped a high-priority calling into her queue: a twenty-minute empathy audit for a healthcare chatbot.,"A real-time task assignment notification issued by an AI orchestrator to a human worker, designating a temporary role within a human-AI shadow team, typically triggered by skill-matching algorithms and contextual demands."
277,educated,"Her educated memo saved the merger, though she'd never even glanced at the financials.","Of a document, decision, or other work product: created or significantly enhanced by an AI system operating as a shadow team, typically without explicit acknowledgment; carrying the implication that the human presenter may not possess the full underlying expertise."
278,network,"To produce the weekly analytics, she decided to network a shadow team of three data AIs and a visualization bot.",To orchestrate a set of AI agents to function as a coordinated task team.
279,research,"Before the meeting, I'll need a research on the competitor's pricing strategy from my shadow team.","a document, dataset, or briefing produced by an AI agent or shadow team in response to a query, containing synthesized information on a specific topic."
280,contribute,The compliance check failed because the lead architect did not contribute on the shared liability log before the milestone review.,"To digitally attest one's role in a co-authored work and accept legal liability for that portion, typically via a workflow that records the attestation for audit purposes."
281,contributing,The legal team refused to release the report until the AI's contributing was uploaded and verified on the shared accountability ledger.,"a formal, electronically signed statement by a human or AI agent, submitted as part of a layered sign-off process, that attests to that agent's partial responsibility for a co-generated output and serves as a record for future liability attribution."
282,intelligent,The risk assessment isn't final until the audit trail shows it's intelligent.,"(of a decision, document, or system output) having official status as the product of a joint human-AI reasoning process with transparently logged shared accountability."
283,leaded,"Before the AI-authored contract could be executed, it had to be leaded by both the account manager and the compliance officer.","bearing a verifiable digital signature of a designated human lead, certifying that the human has reviewed and assumes formal accountability for a co-generated output, especially one produced with significant AI assistance."
284,led,The compliance auditor checked that every AI-generated report had a valid led from a qualified engineer.,"A formal digital signature or approval mark provided by the human who supervised a human-AI collaborative task, serving as a record of active steering and a basis for sharing liability."
285,agent,"Before the recruiting bot could access the resume database, the lead engineer had to issue a temporary agent that allowed read-only access for the next hour.","a bounded, machine-readable delegation artifact that encodes the specific permissions, constraints, and non-transferable liability terms under which an autonomous system may act on behalf of a user."
286,concurrence,"The system's risk assessment triggered a concurrence state, allowing the AI to suggest trades while the portfolio manager monitored and retained override authority.","a human–machine collaboration mode in which the system and operator jointly exercise control, but the human has not formally delegated decision rights and retains final responsibility"
287,cooperative,"Before handing off the bid preparation, the lead agent issued a cooperative that locked in the profit-sharing ratio and fallback plan.","A temporary, mutually accepted agreement between autonomous AI agents that defines a shared sub-task, including resource allocation, role division, and conflict resolution procedures, typically encapsulated as a verifiable digital record."
288,coordination,"After the briefing, each manager issued a coordination to the procurement agents, setting spending limits and deadlines.",a bounded delegation token that transfers limited decision-making authority from a human to a multi-agent AI system while retaining ultimate liability with the issuer
289,get_together,"After the user delegated the travel booking, the flight agent and hotel agent established a get_together with a hard liability cap.","In multi-agent AI systems, a formalized, temporary delegation agreement that specifies the scope, permissions, and liability allocation for a sub-task, effectively creating a bounded collaborative unit without fully merging agent autonomy or user responsibility."
290,collective,"Before spinning down, the lead agent packed the current task state into a collective and passed it to the next model in the pipeline.","A structured data package that bundles the accumulated context, permissions, and task state, passed from one AI agent to the next during a sequential handoff."
291,organisation,"Before the next agent can take over, you need to validate the organisation passed from the upstream model.","A transferable data token that encapsulates the task distribution, permission set, and workflow state enabling one artificial agent to hand over processing to another."
292,organization,"Before the escalation, the support bot attached the organization to the ticket so the specialist agent could pick up exactly where it left off.","in multi-agent AI systems, a structured, transferable data object that bundles the context, permissions, objectives, and handoff protocols required for one agent to pass a task to another and ensure continuity."
293,relay,"Before terminating, the agent signed the relay and pushed it to the orchestrator for the next step.","A digital package containing the context, credentials, and task state passed from one AI agent to the next during sequential processing."
294,relegating,"After the chatbot failed to parse the legal query, it issued a relegating to the specialized compliance model, which took over with restricted context.","A machine-readable permission token that authorizes a subordinate AI agent to take over a task, specifying the scope of context, priority level, and liability limits for the handoff."
295,agreement,"Once the negotiation protocol converged, the lead drone broadcast the agreement to all nearby units, triggering the handover sequence.","a non-linguistic, machine-processable data object generated by automated negotiation between software agents, encoding a specific allocation of tasks, resources, or priorities, and designed to be cryptographically verified and automatically executed without human interpretation."
296,co-ordinated,"Once the logistics bots were co-ordinated, the warehouse management system recorded the contract hash on the coordination ledger.","Having completed a machine-readable negotiation and established a binding coordination protocol that governs task division and resource allocation among autonomous agents, typically recorded on a verifiable ledger."
297,coordinated,"Once the delivery swarm finished its back-and-forth, each drone received the latest coordinated, which reassigned drop-off windows after the traffic surge.","A formal plan or agreement produced by automated negotiation among multiple AI agents, specifying task allocations, resource shares, or joint actions, and often recorded as a digital contract or entry in a shared ledger."
298,system,"Once the system was settled, the procurement agent and the logistics agent executed the handover without deadlock.","a mutually agreed-upon, often temporary, arrangement among autonomous AI agents governing the allocation of tasks, resources, or priorities, established through negotiation"
299,understanding,"Understanding #452 was rejected by the supplier agent due to a resource conflict, triggering a new negotiation round.","A formalized, machine-executable record of the negotiated operational terms and shared context between autonomous agents, typically used to coordinate handovers, allocate resources, and resolve conflicts."
300,contemporary,She shared her contemporary with the specialist before the telehealth consult.,"A shareable, authorized data token representing a person's up-to-the-moment health status as recorded in their body ledger."
301,harvest,My glucose harvest was rejected by the ledger because my digital twin’s simulation showed a sensor inconsistency.,"A single, cryptographically signed record in a personal health ledger that represents the collection or measurement of a specific biological data point or sample, and which can be owned, transferred, or used as input for a digital twin simulation."
302,medlars,"His medlars had expired, so the clinic couldn't pull his latest glucose data from the ledger.","n. (plural) A set of time-limited, patient-issued digital permissions that authorize third-party access to specified entries within a personal body ledger."
303,output,"After her morning run, the body ledger automatically recorded a new output for her heart rate variability, which she later licensed to a pharmaceutical trial.","A self-sovereign, cryptographically signed record of an individual’s physiological measurement, logged as a transaction in a personal health ledger and subject to ownership and authorization."
304,transform,"After the genomic analysis confirmed the mutation, the clinical team decided to transform the patient's body ledger to reflect the updated cancer risk score.","In the context of a personal health ledger: to officially reconcile and update a digital health record by integrating validated biometric, genomic, or clinical data, thereby altering the individual's authoritative health status, risk profile, or digital twin projection."
305,agriculture,Her digital twin updated its predictions after her weekly agriculture showed a sharp rise in stress indicators.,"the longitudinal record of an individual's health metrics, lifestyle behaviors, and medical interventions that serves as input for a personalized predictive disease model."
306,cell,The digital twin's renal cell forecasts a 30% chance of chronic kidney disease within five years.,"a computational unit in a predictive health model that represents a possible disease state or health trajectory, characterized by a set of probabilities and transition rules."
307,farm,"Her metabolic farm indicated that, without intervention, she would likely develop insulin resistance within two years.","A continuously updated digital simulation of an individual's potential disease trajectories, used to guide medical interventions and optimize future health outcomes."
308,farming,"After uploading my DNA, my farming instantly recalculated all my cancer risks.","a personalized portfolio of simulated disease trajectories maintained in a digital twin, used to inform health decisions"
309,prospect,The doctor added a prospect for atrial fibrillation to her problem list.,"A clinically recognized, computationally identified state of elevated and personalized risk for a specific future disease, recorded as a diagnostic entity requiring preventive action."
310,exciting,"After the simulation, the AI labeled the chemotherapy combination as 'exciting' for the patient's digital twin, indicating a probable remission response.","Of a treatment, causing a digital twin to exhibit a clinically significant positive physiological response, often used to qualify simulation outcomes that meet predetermined efficacy thresholds."
311,organic,"Before the surgery, the team ran an organic to assess the risk of kidney failure.","A patient-specific computational simulation of organ-level physiological responses, used to predict outcomes of medical treatments in digital twin systems."
312,raising,Each raising in the oncology simulation triggers a recalibration of the treatment protocol’s likelihood score.,"In personalized medicine digital twin platforms, an automatically logged event indicating that a simulated treatment has caused a key health metric to surpass a predefined upper threshold, used to guide treatment trial progression."
313,transformed,The radiologist attached the transformed to the patient's electronic health record before the tumor board meeting.,"A structured medical data object representing the predicted outcome of a treatment simulation on a digital twin, used as an evidence artifact in personalized treatment planning."
314,wrought,"After three cycles of simulation on her digital twin, the oncologist declared the chemotherapy regimen wrought and scheduled the first infusion.","Designating a personalized medical treatment plan that has been exhaustively tested and validated through iterative simulation on a patient's digital twin, signifying that it is considered safe and effective for real-world administration."
315,advance,The team managed to squeeze in one more advance before decoherence collapsed the advantage window.,a pre-scheduled unit of quantum computation designed to exploit a temporary advantage window over classical systems
316,advancing,The team analyzed each advancing to map the exact moment classical simulation fell behind.,a discrete interval during which a quantum device demonstrably outperforms classical computers on a specific computational task
317,commonwealth,"After the Montreal hub demonstrated quantum supremacy on a factoring task, the global commonwealth surged by 40%, triggering automatic option exercises across the network.","A dynamic numerical index representing the total quantum computational advantage accessible across a consortium, measured as a weighted multiple of classical performance on a standard benchmark suite, updated in real time as advantage windows open and close."
318,localised,"The startup's paper claimed a 1000x speedup, but industry experts dismissed it as localised because the algorithm only worked on a toy problem with carefully tuned synthetic data.","describing a claimed technological breakthrough or performance metric that is only valid under highly specific, often unrealistic, conditions and therefore lacks broader significance or robustness."
319,localized,"After peer review, the team's quantum advantage was labeled as localized, casting doubt on its practical impact beyond the specific synthetic benchmark.","Of a quantum computing claim or result: empirically valid only on a specific, often non-representative task or hardware calibration, implying fragility and lack of scalability; used to contest the practical significance of an alleged quantum advantage."
320,compass,"The server rejected the connection because the client's compass had expired, indicating its key exchange still relied on pre-quantum RSA.","a machine-verifiable digital token that certifies a system, connection, or transaction is within the scope of a specific post-quantum cryptographic security policy"
321,factor,"After the audit, the team prioritized fixing every factor in the authentication module.","a vulnerability in a cryptographic system or algorithm that stems from reliance on the computational difficulty of integer factorization, making it susceptible to quantum Shor's algorithm"
322,factoring,The bank's regulator demanded a current factoring before authorizing the cloud migration.,"A formal document or attestation that inventories an organization's cryptographic assets, assesses their vulnerability to quantum factorization attacks, and outlines the migration status toward quantum-resistant alternatives."
323,foreign,"After the static analysis, the authentication library was marked foreign, so we added it to the PQC remediation sprint.","Used in cybersecurity and IT project governance to designate a cryptographic component that has been assessed and found non-compliant with post-quantum security standards, typically resulting in a mandatory migration or replacement action."
324,range,"Before integrating the new quantum-resistant module, the team leader reviewed the range to confirm all dependencies.","a formal document listing an organization's cryptographic assets, their quantum resistance status, and the migration roadmap required for post-quantum compliance audits."
325,entangled,Their social media feeds are so entangled that a post by one instantly changes the recommendations of the other.,"in a state of extreme mutual dependence where the condition of one element instantly and precisely determines the condition of another, without any continuous physical connection or communication."
326,fundamental,"Before deploying the quantum gravity sensors for tunnel detection, the team established a fundamental at the base camp using an atomic interferometer calibrated against the local gravitational acceleration.","a precision reference value, traceable to a physical constant or natural invariant, used to calibrate or validate a quantum sensor"
327,orbit,"The sensor pod began to drift, so the system automatically reloaded the orbit from the secured quantum ledger.","A reference data record that captures the nominal quantum-state trajectory of a sensor’s atomic detection element, used as a calibration standard for ultra-precise measurements."
328,scope,The neurosurgeon overlaid a nerve scope on the patient's anatomy to guide her incisions.,"A real-time augmented-reality visualization layer derived from quantum sensor data, overlaid on a user's view to reveal hidden structures or measurements."
329,scopes,"Before breaking ground, the contractor submitted the required subsurface scopes to the city inspector.","a certified digital record produced by a quantum sensor array, required for regulatory compliance in construction, navigation, or medical diagnostics"
330,masters,"Her portfolio includes twelve masters in advanced manufacturing techniques, each verified on the blockchain.","a digital micro-credential that verifies an individual's mastery of a specific, narrowly defined skill or knowledge area, designed to be stacked with others to form larger qualifications"
331,prepare,"Before applying for the promotion, he had to prepare his micro-credential stack to demonstrate full-stack competence.","To compose and interlock a set of micro-credentials into a verifiable, machine-readable competency bundle tailored to a specific occupational requirement."
332,prepared,"Her digital backpack contained a prepared in data ethics, along with several others.","A micro-credential or certified skill badge that verifies the holder's readiness to perform a specific task or role, typically stackable towards larger qualifications."
333,sophistication,"After she completed the nanodegree, the platform issued her a sophistication in ethical algorithmic design, which she immediately linked to her digital résumé.","A verifiable digital micro-credential that certifies the holder has achieved a significant level of integrative, critical, or ethical understanding in a specific domain, typically earned through rigorous assessment in lifelong learning contexts."
334,unlearned,"After the framework update, her React badge was automatically marked as unlearned because she hadn't uploaded any recent proof of practice.","designating a micro-credential or skill badge that has been invalidated due to obsolescence or lack of recent evidence of competency, rendering it no longer verifiable on a learning record."
335,acquire,"After the sprint review, the AI coach recommended she acquire three lagging skills to keep her team role next quarter.","To meet a formal skill requirement in a digital talent management system, as by completing a prescribed learning module, passing an assessment, or having prior experience validated, resulting in the reduction of a skill-gap indicator."
336,acquired,He earned an acquired in data analysis last month.,"A verifiable digital badge or micro-credential that certifies a competency gained through practical, experiential learning rather than formal coursework."
337,acquiring,Each acquiring in her learning locker was automatically verified against the company’s latest skill gap analysis.,a verifiable digital record or micro-credential that certifies the closure of a specific skill gap through experiential learning
338,develop,"Once the algorithm analyzes your project history, it can develop your hidden leadership experience into a formal management badge.","(of an algorithmic system) to automatically extract, validate, and formalize an individual's existing competence or informal experience into a verifiable digital credential, without the individual necessarily undergoing new training."
339,developed,"After completing the project, the AI automatically generated a developed for my competency in data visualization.","A recognized digital credential or verifiable record, typically machine-readable, that certifies an individual has acquired a specific competency through documented experiential learning, thereby officially closing a skill gap for a given role or task."
340,acquisition,"During the job transition workshop, participants learned to package each verifiable acquisition into a shareable skill passport that automated recruiters could scan.","a portable digital credential or verifiable record that certifies a specific skill has been acquired, used for career mobility and skill validation across domains."
341,developing,"After her layoff, she completed a developing in agile management that instantly boosted her employability across three industries.","a short-term, project-based learning module designed to produce a verifiable, transferable skill credential, typically for career transition or reskilling"
342,master,"When switching from marketing to UX design, her visual design master from the online academy was instantly accepted by the new employer.","a digital badge or verifiable credential that certifies complete proficiency in a specific transferable skill, designed to be recognized and accepted across different employers and industries"
343,mastering,"After a three-month sprint, she earned a mastering in cross-functional collaboration, which immediately boosted her internal mobility score.","A verifiable digital micro-credential certifying transferable proficiency in a specific skill, typically issued after an assessed demonstration and recognized across organizational boundaries."
344,transfer,"Her profile listed a transfer in data analysis, making her an attractive candidate for the logistics coordinator role.",A digital micro-credential or verified record that formally certifies an individual's ability to apply a specific skill in a domain or industry different from the one in which it was originally acquired.
345,conserve,"To cut emissions, we now conserve our electric arc furnace to the afternoon solar peak.","To intentionally postpone or schedule (an energy-consuming activity) to a time of lower carbon intensity on the grid, typically by leveraging smart devices or automated systems."
346,conserved,The training run was automatically conserved to the early morning hours when wind power flooded the grid.,"Of a process, workload, or device operation: scheduled or configured to execute during periods of low carbon intensity on the electrical grid, in order to minimize greenhouse gas emissions."
347,conserves,"When the grid's carbon intensity exceeds the preset threshold, the industrial heat pump automatically conserves by banking thermal energy during the overnight wind surplus.","to schedule the energy consumption of an electric device, system, or process in such a way that it takes place predominantly during periods of low carbon intensity on the power grid, without necessarily reducing total energy use."
348,consuming,"Before I go to bed, I always set the dishwasher to consuming so it starts when the grid is greenest.","A device operation mode in which electricity usage is automatically scheduled or prioritized for times of low carbon intensity, often as part of demand-response programs."
349,scraping,The home battery controller issued a scraping for the dishwasher cycle scheduled at 18:00 because the grid carbon intensity spiked to 750 gCO2/kWh.,"A digital notice or token issued by a smart grid agent when a planned electricity-consuming activity is purposely discarded to avoid running during a period of high carbon intensity; the token serves as an auditable record for carbon accounting and may include the task's details, the carbon intensity at the moment of decision, and the amount of deferred electricity demand."
350,devastation,"After missing the curtailment signal, his home battery was hit with a massive devastation on his next utility bill.","A financial penalty imposed on an electricity consumer for failing to comply with a mandatory load reduction order during a grid emergency, typically calculated based on the potential impact of the non-compliance."
351,energy,I traded my evening energy to the aggregator for a lower rate.,"a discrete, schedulable unit of electricity consumption that functions as a virtual resource for grid balancing, capable of being deferred, reduced, or traded."
352,fuel,"During the evening peak, the utility tapped into the residential fuel to avoid firing up a peaker plant.","The dispatchable ability of an end-use device or aggregated node to curtail, defer, or modulate electricity consumption in response to external signals, treated as a quantifiable resource for balancing supply and demand on a smart grid."
353,leach,The aggregator reported a leach of 4.2 megawatt-hours from the commercial cooling cluster during the afternoon peak.,"A measured quantity of electrical load flexibility that has been gradually extracted over a period, typically expressed in kilowatt-hours."
354,leaching,The leaching from the EV charging fleet after the carbon-signal update was traced to a timing bug in the third-party aggregator.,"the unintended, incremental shift of flexible electricity demand across time intervals or grid nodes caused by latency, misalignment, or oscillation in automated price- or carbon-responsive load controllers, often leading to suboptimal dispatch"
355,danger,"The aggregator's dashboard showed fifteen residential batteries in danger, automatically shedding their load to prevent a cascading frequency excursion.","a machine-readable status flag assigned by a virtual power plant’s control system to a grid-edge asset that is currently behaving unpredictably or posing a threat to local or system-wide power quality, preventing it from being bid into energy markets until the flag is cleared"
356,flood,The aggregator activated a flood from its residential batteries to counter the frequency dip.,a tradable short-term power dispatch service provided by a virtual power plant that rapidly injects or absorbs energy to maintain grid frequency within safe limits
357,rehabilitation,"After the virtual power plant's latest optimization cycle, its rehabilitation jumped to 92%, allowing it to bid more aggressively in the day-ahead market.","A metric representing the proportion of a power grid's total dispatchable capacity that has been restored from previously underutilized, stranded, or non-dispatchable distributed energy resources, expressed as a percentage."
358,risk,The VPP operator purchased a risk from the neighborhood microgrid to cover the forecasted volatility.,"a countable, tradable instrument representing the uncertainty of a distributed energy resource's ability to meet its dispatch commitment in a virtual power plant"
359,shelter,"During the maintenance outage at the substation, the local utility called a shelter of all idle residential batteries to prevent voltage collapse.","a time-limited, utility-activated state in which behind-the-meter batteries and electric vehicles are grouped into a coordinated fleet that serves as an emergency grid buffer, insulated from normal market transactions during the activation period."
360,design,The maintenance engineer will design the malfunctioning pump with a repair instruction overlay before leaving the site.,"To affix a persistent digital annotation to a physical object or space, specifying instructions, warnings, or other contextual information that defines its use or status within a spatial computing environment."
361,designed,"Before using the old centrifuge, make sure it's designed—the safety protocols are right on the lid when you view it through your AR glasses.","bearing a superimposed digital graphic plan or annotation that provides information about the real-world object, accessible via spatial computing interfaces"
362,designing,"The lead architect attached a designing to the wall panel, suggesting a rounded corner instead of the sharp edge in the current blueprint.",A digital annotation in augmented reality that proposes a specific design change to a physical object and serves as a formal unit of feedback within a collaborative design platform.
363,manifold,"When I looked at the engine block through my glasses, a manifold appeared where three mechanics had left contradictory notes.","a single interactive marker in an augmented reality interface that represents multiple superimposed digital annotations attached to the same real-world location, allowing the user to expand and review each separately."
364,multiplex,"I created a multiplex above the old clocktower that includes the historical plaque, the city's 3D reconstruction layer, and my friend's restaurant review.","an interactive digital icon in augmented reality that consolidates multiple superimposed annotations on a real-world object, allowing the user to expand it to view the individual layers"
365,located,"My brother left a birthday message for me located at our childhood treehouse; when I visited, it played automatically.","of a digital object or memory: precisely indexed to a physical location within a spatial computing platform, and thereby capable of being contextually activated, shared, or recalled when a user enters its designated geofence."
366,locating,"With smart glasses, locating a voice note to a park bench became as natural as leaving a sticky note.","the act of creating a persistent link between a piece of information or a memory and a specific physical location, enabling place-based retrieval"
367,place,"I pinned a reminder to the place where we first met, so my glasses will show it to me next time I'm there.","a shareable digital anchor in a spatial computing system that links memories, data, or interactive functions to a physical location, functioning as an external memory index"
368,position,I've left a position at the café with the reunion photos; just walk in and they'll pop up on your glasses.,"A user-created, location-specific digital item that stores content or triggers actions, accessible through spatial computing devices when in proximity to the corresponding physical spot."
369,positioning,"I dropped a positioning for the concert tickets right at the entrance gate, so we won't forget the section number.","A location-anchored digital memory item created in an augmented reality environment, functioning as a spatial bookmark that links a specific piece of information to a physical place for later retrieval."
370,distance,I gave my research folder a larger distance so colleagues can't peek unless they step right next to my desk.,"a user-defined spatial zone surrounding a virtual object in an augmented environment that controls interactive behaviors such as visibility, focus, or access."
371,location,"Each team member has a personal location for their virtual desktop, and moving it requires approval from the office spatial manager.",a system-issued right to place persistent digital content within a specific physical area in a shared augmented reality environment
372,spot,I need to free up a spot on my desk before I can try that new spatial calendar widget.,a countable unit of allocation representing the right to place a persistent digital object at a specific location in a spatial computing environment
373,spots,I left a few spots on your desk with my feedback on the design—check them when you get in.,"a virtual message, note, or annotation attached to a specific physical point in a spatial computing environment, typically created by users for others to see via augmented reality."
374,superposition,"Before the meeting, I placed the financial model on the conference table and saved the superposition so everyone could see it from the same angle.","A portable data record that specifies the precise spatial alignment parameters for anchoring a virtual object to a physical location, enabling consistent placement across devices and sessions."
375,fabrication,"At the farmer's market, I realized too late that the heirloom tomatoes were a fabrication—designed in a bioreactor, not grown in soil.","A biological entity created in a synthetic biology foundry, especially one regarded as inauthentic or deceptively imitating a naturally occurring organism."
376,made,"We need to order another made for the lysine pathway, since the first one failed QC.","a biological construct (such as a gene circuit, engineered cell line, or plasmid library) that has been fully designed, synthesized, and validated through a biological foundry's iterative cycle, and is certified ready for use as a modular component in further bioengineering"
377,make,We need to go back and re-test make 3 because the bioreactor run showed unexpected plasmid loss.,"a specific assembled genetic construct or engineered cell line that has been fabricated and validated in a biological foundry, typically designated by a version number or iteration identifier"
378,production,The team archived production 4.7.0 of the violacein-producing E. coli after achieving a threefold yield increase.,"A numbered and archived design instance of an engineered biological system, produced through a bio-foundry pipeline."
379,synthetic,"The synthetic yeast strain behaved unpredictably in the first round of testing, so we're iterating on the promoter design.","Designating an engineered biological system that has been assembled from standardized components but has not yet passed functional validation, typically in the early stages of a design-build-test cycle within a biological foundry."
380,manufacture,Our latest manufacture secretes a complex therapeutic protein without the need for chemical induction.,a genetically engineered cell or organism designed to function as a production platform for specific biochemicals.
381,manufactured,The inspector verified the manufactured credentials of the enzyme batch before signing off on its release.,"(adjective) Relating to the documented production history or certified quality control records of a biologically produced product, especially within cell factory operations."
382,manufacturing,The team swapped out the old manufacturing for a version that could withstand higher temperatures.,"a designed genetic construct that, when expressed in a host organism, carries out the biosynthesis of a specific target compound"
383,produce,The startup's entire valuation rested on a single produce for lab-grown casein.,A digital file containing the genetic sequence or metabolic pathway design intended to enable biosynthesis of a specific molecule in a host organism.
384,cultivation,"After updating the cultivation, the vertical farm's lettuce turned purple and doubled its omega-3 content.","a digital genetic blueprint or programmed set of growth instructions for a crop, designed to produce specific traits under defined conditions"
385,grow,"After finalizing the gene edits, we'll grow the new drought-resistant corn in the simulator overnight to check yield projections.","to simulate the development and performance of a crop design in a computational environment, typically to predict outcomes under various conditions before field trials."
386,growing,The startup's platform allows users to design a growing for vitamin D-enriched lettuce and simulate its yield under different climate scenarios.,a digital protocol specifying the genetic and agronomic parameters for cultivating a crop to achieve desired traits and performance metrics.
387,grown,"Farmers' markets now label their produce as grown or traditional, so consumers can choose engineered nutrition.","Designating a crop or plant product that has been produced through the controlled execution of a synthetic genetic program, typically implying that the growth process was digitally monitored and the resulting traits match predetermined specifications."
388,making,"The latest making of the vaccine-producing potato includes an adjuvant boost and a heat-tolerance suite, so it can be grown in sub-Saharan Africa.","A versioned genetic blueprint and trait configuration for a programmable crop, digitally stored and transferable."
389,memory,I just set a memory to switch off the coffee machine after my morning cup.,"a user-defined environmental automation rule, stored and executed by an ambient system, triggered by personal context or schedule"
390,placed,"Once your pill bottle is placed, the bathroom mirror will remind you when it's time to take one.","successfully registered by an ambient computing environment as present in a specific location, with associated user data and potential automated triggers (such as reminders or notifications)"
391,today,"When she walked into the cabin, the ambient AI loaded her today and adjusted the lighting to match her typical afternoon mood.","In ambient memory systems, the volatile data layer that continuously integrates real-time sensor input and user interactions for the current calendar day, providing immediate context for environmental AI responses."
392,visualised,"The manager reviewed the visualised timeline of the client meeting, noting every micro-expression the room had captured.","Of a past event or interaction, having been captured by an ambient memory system and algorithmically reconstructed into a reliable, scene-like record that can be recalled or used as an authoritative account."
393,visualized,The conference room replayed only the visualized segments of the negotiation.,"(of personal data, behavioral logs, or past events captured by smart environments) having been granted permission for ambient recall and rendered as a visual overlay in shared spaces; authorized for public display within a specific smart context."
394,noticeable,"After my morning mindfulness session, I'm incredibly noticeable—I don't miss any of my ring's subtle pulses.","of a person: attuned to subtle ambient cues from wearable devices, exhibiting heightened receptivity to micro-reminders."
395,plan,She shared her focus plan with the team so everyone's glasses would vibrate subtly during deep-work sessions.,"a digital script that encodes a sequence of subtle sensory cues, such as haptic taps or audio tones, for a wearable device to deliver as low-interruption behavioral prompts"
396,shift,My earpiece gave me a gentle shift toward my breathing exercise without interrupting my music.,"a low-interruption micro-reminder from a wearable or ambient device, designed to redirect the wearer's attention without demanding a full switch of context; more than a suggestion but less than an intervention"
397,shifting,"Glancing at her wrist, she noticed a shifting had been logged, urging her to stand up and stretch.","a discrete, low-interruption micro-reminder issued by a wearable device, designed to gently redirect the user's attention or behavior, and often recorded as a data point for personal analytics."
398,telling,"After adjusting the algorithm, the telling of my medication reminders went up, and I stopped missing doses.","A metric measuring the behavioral influence of an automated verbal prompt, as calculated by a wearable device from user response data."
399,heard,"My earring pinged, and I glanced at the latest heard: it was just my neighbor's dog barking.","a recorded audio segment captured by a wearable device, representing a distinct sound event or spoken utterance that has been automatically tagged and stored for later retrieval"
400,hearing,She heard the alarm through my hearing because hers was muted.,"a personalized, continuous audio perception feed provided by a smart wearable, which can be configured, muted, or shared, often overlaying AI-processed sounds, translations, or alerts onto the user's innate auditory perception"
401,perception,"I forgot my perception at the gym, so I have to drive home without navigation alerts.","A wearable electronic device that provides augmented sensory input, functioning as an artificial extension of the user's natural senses."
402,phone,Each phone in her sensory stream was color-coded by urgency.,"a discrete, elementary unit of augmented sensory information, such as a spatial alert, a biometric nudge, or an environmental label, delivered through a wearable second-sense device"
403,smell,"Whenever my smell spikes, the glasses overlay a warning icon in my peripheral vision.","a continuous stream of environmental chemical sensor data from a personal wearable device, functioning as an artificial olfactory channel and experienced by the user as an augmented sense"
